Entity,Type,
'Accumulated Precipitation',Class,
Precipitation,Class,
entity,Class,
continuant,Class,
occurrent,Class,
'independent continuant',Class,
'spatial region',Class,
'temporal region',Class,
'two-dimensional spatial region',Class,
'spatiotemporal region',Class,
process,Class,
disposition,Class,
'realizable entity',Class,
'zero-dimensional spatial region',Class,
quality,Class,
'specifically dependent continuant',Class,
role,Class,
'fiat object part',Class,
'one-dimensional spatial region',Class,
'object aggregate',Class,
'three-dimensional spatial region',Class,
site,Class,
object,Class,
'generically dependent continuant',Class,
function,Class,
'process boundary',Class,
'one-dimensional temporal region',Class,
'material entity',Class,
'continuant fiat boundary',Class,
'immaterial entity',Class,
'one-dimensional continuant fiat boundary',Class,
'process profile',Class,
'relational quality',Class,
'two-dimensional continuant fiat boundary',Class,
'zero-dimensional continuant fiat boundary',Class,
'zero-dimensional temporal region',Class,
history,Class,
'General Public Services',Class,
Defence,Class,
'Public order and safety',Class,
'Economic affairs',Class,
'Environmental protection',Class,
'Housing and community amenities',Class,
Health,Class,
'Recreation, culture and religion',Class,
Education,Class,
'Social protection',Class,
'Executive and legislative organisation',Class,
'financial and fiscal affairs',Class,
'external affairs',Class,
'Foreign economic aid',Class,
'General services',Class,
'Basic research',Class,
'R&D general public services',Class,
'General public services',Class,
'Public debt transactions',Class,
'Transfers of a general character between different levels',Class,
'Military defence',Class,
'Civil defence',Class,
'Foreign military aid',Class,
'R&D defence',Class,
Defence,Class,
'Police services',Class,
'Fire-protection services',Class,
'Law courts',Class,
Prisons,Class,
'R&D public order and safety',Class,
'Public order and safety',Class,
'General economic',Class,
'commercial and labour affairs',Class,
Agriculture,Class,
forestry,Class,
Fishing,Class,
'Fuel and energy',Class,
'Mining, manufacturing and construction',Class,
Transport,Class,
Communication,Class,
'Other industries',Class,
'R&D economic affairs',Class,
'R&D economic affairs',Class,
'Waste management',Class,
'Waste water management',Class,
'Pollution abatement',Class,
'Protection of biodiversity and landscape',Class,
'R&D environmental protection',Class,
'Environmental protection',Class,
'Housing development',Class,
'Community development',Class,
'Water supply',Class,
'Street lighting',Class,
'R&D housing and community amenities',Class,
'Housing and community amenities',Class,
'Medical products, appliances and equipment',Class,
'Outpatient services',Class,
'Hospital services',Class,
'Public health services',Class,
'R&D health',Class,
'Recreational and sporting services',Class,
'Recreational and sporting services',Class,
'Broadcasting and publishing services',Class,
'Religious and other community services',Class,
'R&D recreation, culture and religion',Class,
'Pre-primary and primary education',Class,
'Secondary education',Class,
'Post-secondary non-tertiary education',Class,
'Tertiary education',Class,
'Education not definable by level',Class,
'Subsidiary services to education',Class,
'R&D education',Class,
'Sickness and disability',Class,
'Old age',Class,
Survivors,Class,
'Family and children',Class,
Unemployment,Class,
Housing,Class,
'Social exclusion',Class,
'R&D social protection',Class,
'Abbreviated Name',Class,
'Academic Degree',Class,
Acceleration,Class,
Acronym,Class,
Act,Class,
'Act of Advising',Class,
'Act of Apologizing',Class,
'Act of Appraisal',Class,
'Act of Arrival',Class,
'Act of Artifact Assembly',Class,
'Act of Artifact Employment',Class,
'Act of Artifact Modification',Class,
'Act of Artifact Processing',Class,
'Act of Assassination',Class,
'Act of Assignment',Class,
'Act of Association',Class,
'Act of Buying',Class,
'Act of Cargo Transportation',Class,
'Act of Ceremony',Class,
'Act of Change of Residence',Class,
'Act of Collision',Class,
'Act of Commanding',Class,
'Act of Commissive Communication',Class,
'Act of Communication',Class,
'Act of Communication by Media',Class,
'Act of Condoling',Class,
'Act of Conducting Mass Media Interview',Class,
'Act of Confessing',Class,
'Act of Congratulating',Class,
'Act of Construction',Class,
'Act of Consumption',Class,
'Act of Contract Formation',Class,
'Act of Deceptive Communication',Class,
'Act of Declarative Communication',Class,
'Act of Decoy Use',Class,
'Act of Denying',Class,
'Act of Departure',Class,
'Act of Directive Communication',Class,
'Act of Donating',Class,
'Act of Educational Training Acquisition',Class,
'Act of Educational Training Instruction',Class,
'Act of Employment',Class,
'Act of Encounter',Class,
'Act of Entertainment',Class,
'Act of Espionage',Class,
'Act of Estimation',Class,
'Act of Expressive Communication',Class,
'Act of Facility Use',Class,
'Act of Financial Deposit',Class,
'Act of Financial Instrument Use',Class,
'Act of Financial Withdrawal',Class,
'Act of Funding',Class,
'Act of Government',Class,
'Act of Homicide',Class,
'Act of Identifying',Class,
'Act of Inhabitancy',Class,
'Act of Intelligence Gathering',Class,
'Act of Interpersonal Relationship',Class,
'Act of Inviting',Class,
'Act of Issuing Mass Media Article',Class,
'Act of Issuing Mass Media Documentary',Class,
'Act of Issuing Mass Media Press Release',Class,
'Act of Legal Instrument Use',Class,
'Act of Loaning',Class,
'Act of Location Change',Class,
'Act of Maintenance',Class,
'Act of Manufacturing',Class,
'Act of Mass Media Communication',Class,
'Act of Measuring',Class,
'Act of Meeting',Class,
'Act of Military Force',Class,
'Act of Military Service',Class,
'Act of Military Training Acquisition',Class,
'Act of Military Training Instruction',Class,
'Act of Motion',Class,
'Act of Murder',Class,
'Act of Oath Taking',Class,
'Act of Observation',Class,
'Act of Official Documentation',Class,
'Act of Ownership',Class,
'Act of Personal Communication',Class,
'Act of Pilgrimage',Class,
'Act of Planning',Class,
'Act of Portion of Material Consumption',Class,
'Act of Position Change',Class,
'Act of Possession',Class,
'Act of Prediction',Class,
'Act of Promising',Class,
'Act of Propaganda',Class,
'Act of Publishing Mass Media Article',Class,
'Act of Publishing Mass Media Documentary',Class,
'Act of Publishing Mass Media Press Release',Class,
'Act of Purchasing',Class,
'Act of Reconnaissance',Class,
'Act of Religious Group Affiliation',Class,
'Act of Religious Training Acquisition',Class,
'Act of Religious Training Instruction',Class,
'Act of Religious Worship',Class,
'Act of Remuneration',Class,
'Act of Renting',Class,
'Act of Repayment',Class,
'Act of Reporting',Class,
'Act of Representative Communication',Class,
'Act of Requesting',Class,
'Act of Residing',Class,
'Act of Social Group Membership',Class,
'Act of Social Movement',Class,
'Act of Sojourn',Class,
'Act of Suicide',Class,
'Act of Targeting',Class,
'Act of Terrorism',Class,
'Act of Terrorist Training Acquisition',Class,
'Act of Terrorist Training Instruction',Class,
'Act of Testifying',Class,
'Act of Thanking',Class,
'Act of Tool Use',Class,
'Act of Training',Class,
'Act of Training Acquisition',Class,
'Act of Training Instruction',Class,
'Act of Travel',Class,
'Act of Vehicle Use',Class,
'Act of Violence',Class,
'Act of Vocational Training Acquisition',Class,
'Act of Vocational Training Instruction',Class,
'Act of Volunteering',Class,
'Act of Walking',Class,
'Act of Warning',Class,
'Act of Weapon Use',Class,
'Action Permission',Class,
'Action Prohibition',Class,
'Action Regulation',Class,
'Action Requirement',Class,
'Active Stasis',Class,
Actuator,Class,
Affordance,Class,
Afternoon,Class,
Agent,Class,
'Agent Capability',Class,
'Air-Breathing Combustion Engine',Class,
'Air-Breathing Jet Engine',Class,
'Air Conditioning Unit',Class,
'Air Inlet',Class,
Aircraft,Class,
Algorithm,Class,
'Alkaline Electric Battery',Class,
'Allegiance Role',Class,
'Allied Person',Class,
'Ally Role',Class,
'Alternating Current Power Source',Class,
Amplitude,Class,
'Angular Momentum',Class,
'Angular Velocity',Class,
Animal,Class,
'Anthropogenic Feature',Class,
'Anti-Bacterial Artifact Function',Class,
'Anti-Microbial Artifact Function',Class,
'Arbitrary Identifier',Class,
'Armed Force',Class,
'Armored Fighting Vehicle',Class,
'Armored Personnel Carrier',Class,
Arrow,Class,
'Article of Clothing',Class,
'Article of Solid Waste',Class,
'Material Artifact',Class,
'Artifact Design',Class,
'Dimension Specification',Class,
'Artifact Function',Class,
'Artifact Function Specification',Class,
'Artifact History',Class,
'Artifact Identifier',Class,
'Artifact Location',Class,
'Artifact Model',Class,
'Artifact Model Name',Class,
'Artifact Version Ordinality',Class,
'Artificial Eye',Class,
'Artificial Language',Class,
'Assault Rifle',Class,
'Atmospheric Feature',Class,
'Attitude Control Artifact Function',Class,
'Authority Role',Class,
Automobile,Class,
'Autopilot System',Class,
'Axial Rotation Period',Class,
'Axis of Rotation',Class,
'Aztec Code',Class,
Banknote,Class,
Barcode,Class,
'Bass Frequency',Class,
'Battery Terminal',Class,
'Bearing Artifact Function',Class,
'Beginning of Life Stasis',Class,
Behavior,Class,
'Beverage Antenna',Class,
Bicycle,Class,
'Bidirectional Transducer',Class,
'Biographical Life',Class,
'Biological Sex',Class,
'Biological Weapon',Class,
Birth,Class,
'Bodily Component',Class,
Bond,Class,
'Bond Certificate',Class,
Book,Class,
'Bounding Box Point',Class,
Bow,Class,
Brake,Class,
'Brake Control System',Class,
Bridge,Class,
'Brilliance Frequency',Class,
Bullet,Class,
Bus,Class,
'Cabin Pressurization Control System',Class,
'Calendar Date Identifier',Class,
'Calendar Day',Class,
'Calendar Month',Class,
'Calendar System',Class,
'Calendar Week',Class,
'Calendar Year',Class,
Camera,Class,
Canal,Class,
Cannon,Class,
'Cargo Cabin',Class,
'Carrier Air Wing',Class,
'Cartesian Coordinate System',Class,
Cartridge,Class,
'Catadioptric Optical Telescope',Class,
'Catalyst Artifact Function',Class,
Cause,Class,
'Cellular Telecommunication Network',Class,
'Center of Mass',Class,
Certificate,Class,
Change,Class,
Chart,Class,
'Chemical Reaction Artifact Function',Class,
'Chemical Weapon',Class,
'Circuit Breaker',Class,
Citizen,Class,
'Citizen Role',Class,
City,Class,
'Civil Organization',Class,
'Civil Time Reference System',Class,
'Civilian Role',Class,
'Cleaning Artifact Function',Class,
'Clock Time System',Class,
'Clockwise Rotational Motion',Class,
'Codabar Barcode',Class,
'Code 128 Barcode',Class,
'Code 39 Barcode',Class,
'Code 93 Barcode',Class,
'Code Identifier',Class,
'Code List',Class,
Coin,Class,
'Collimation Artifact Function',Class,
Combustion,Class,
'Combustion Chamber',Class,
'Combustion Engine',Class,
'Commercial Organization',Class,
'Commercial Role',Class,
'Common Stock',Class,
'Communication Artifact Function',Class,
'Communication Instrument',Class,
'Communication Interference Artifact Function',Class,
'Communication Reception Artifact Function',Class,
'Communication Relay Artifact Function',Class,
'Communication System',Class,
'Component Role',Class,
'Compression Ignition Engine',Class,
'Compression Ignition System',Class,
Computer,Class,
'Computer Network',Class,
'Computing Artifact Function',Class,
'Constructed Feature',Class,
Container,Class,
'Containing Artifact Function',Class,
Continent,Class,
'Contractor Role',Class,
'Control Surface',Class,
'Control System',Class,
'Controllable Pitch Propeller',Class,
'Controlled-Access Highway',Class,
'Convergent-Divergent Nozzle',Class,
'Conveyance Artifact Function',Class,
'Cooling Artifact Function',Class,
'Cooling System',Class,
'Coordinate System Axis',Class,
'Count Measurement Information Content Entity',Class,
'Counter-Clockwise Rotational Motion',Class,
'Counterfeit Financial Instrument',Class,
'Counterfeit Instrument',Class,
'Counterfeit Legal Instrument',Class,
'Domain of a Country',Class,
County,Class,
Coupling,Class,
'Covering Artifact Function',Class,
Crew,Class,
'Criminal Act',Class,
'Crushing Artifact Function',Class,
'Cryogenic Storage Dewar',Class,
'Current Conversion Artifact Function',Class,
'Curvilinear Motion',Class,
'Cutting Artifact Function',Class,
'Cutting Weapon',Class,
Dam,Class,
'Damaged Stasis',Class,
'Damaging Artifact Function',Class,
'Data Matrix Code',Class,
'Data Range Interval Estimate Information Content Entity',Class,
Database,Class,
'Date Identifier',Class,
Day,Class,
'Deactivated Stasis',Class,
Death,Class,
Decade,Class,
'Deception Artifact Function',Class,
'Decimal Date Identifier',Class,
'Decimal Time of Day Identifier',Class,
Decoy,Class,
'Decrease of Dependent Continuant',Class,
'Decrease of Disposition',Class,
'Decrease of Function',Class,
'Decrease of Generically Dependent Continuant',Class,
'Decrease of Quality',Class,
'Decrease of Realizable Entity',Class,
'Decrease of Role',Class,
'Decrease of Specifically Dependent Continuant',Class,
'Deflecting Prism',Class,
'Defoliant Artifact Function',Class,
'Defunct Stasis',Class,
'Delimiting Domain',Class,
Delta-v,Class,
Denture,Class,
'Descriptive Information Content Entity',Class,
'Designative Information Content Entity',Class,
'Designative Name',Class,
'Detergent Artifact Function',Class,
'Detonating Artifact Function',Class,
'Deviation Measurement Information Content Entity',Class,
'Diffraction Artifact Function',Class,
'Diffraction Grating',Class,
'Digital Storage Device',Class,
'Diminutive Name',Class,
'Direct Current Power Source',Class,
'Directive Information Content Entity',Class,
Disability,Class,
Disease,Class,
'Dish Receiver',Class,
'Dispersive Prism',Class,
'Distance Measurement Artifact Function',Class,
'Distance Measurement Information Content Entity',Class,
'Division of Delimiting Domain',Class,
Document,Class,
'Document Field',Class,
'Document Form',Class,
'EAN-13 Barcode',Class,
'EAN-8 Barcode',Class,
'EAN Barcode',Class,
'Education Artifact Function',Class,
'Educational Organization',Class,
Effect,Class,
'Effect of Location Change',Class,
Election,Class,
'Electric Battery',Class,
'Electric Generator',Class,
'Electric Motor',Class,
'Electrical Artifact Function',Class,
'Electrical Conduction Artifact Function',Class,
'Electrical Connector Artifact Function',Class,
'Electrical Contact Artifact Function',Class,
'Electrical Power Production Artifact Function',Class,
'Electrical Power Source',Class,
'Electrical Power Storage Artifact Function',Class,
'Electromagnetic Communication Artifact Function',Class,
'Electromagnetic Induction Artifact Function',Class,
'Electromagnetic Pulse',Class,
'Electromagnetic Radiation Frequency',Class,
'Electromagnetic Shielding Artifact Function',Class,
'Electromagnetic Wave Process',Class,
'Electron Microscope',Class,
'Electronic Bond',Class,
'Electronic Cash',Class,
'Electronic Signal Processing Artifact Function',Class,
'Electronic Stock',Class,
'Email Box',Class,
'Email Message',Class,
'Email Messaging',Class,
'Emergency AC/DC Power Source',Class,
'Emergency Locator Transmitter',Class,
'Emulsifier Artifact Function',Class,
'End of Life Stasis',Class,
Enemy,Class,
'Enemy Role',Class,
Engine,Class,
'Enhanced Stasis',Class,
'Enhancing Artifact Function',Class,
'Environment Control System',Class,
'Environmental Feature',Class,
'Equipment Cooling System',Class,
'Equipment Mount',Class,
'Estimate Information Content Entity',Class,
'Ethnic Group',Class,
Ethnicity,Class,
Evening,Class,
'Event Status Nominal Information Content Entity',Class,
'Explosive Artifact Function',Class,
'Explosive Weapon',Class,
'External Combustion Engine',Class,
'External Navigation Lighting System',Class,
'Extreme Ultraviolet Light Frequency',Class,
'Extremely High Frequency',Class,
'Extremely Low Frequency',Class,
Eye,Class,
'Eye Color',Class,
'FM Radio Broadcast Frequency',Class,
'Facial Hair',Class,
Facility,Class,
'Facsimile Transmission',Class,
Family,Class,
Fan,Class,
'Far Infrared Light Frequency',Class,
'Female Sex',Class,
'Fertilizer Artifact Function',Class,
Filter,Class,
'Filtration Artifact Function',Class,
'Financial Artifact Function',Class,
'Financial Instrument',Class,
'Financial Value',Class,
'Financial Value of Property',Class,
Firearm,Class,
'First-Order Administrative Region',Class,
'Fixed Line Network Telephone Call',Class,
'Flight Transponder',Class,
'Flow Control Valve',Class,
'Fluid Control Artifact',Class,
'Fluid Control Artifact Function',Class,
Flywheel,Class,
Force,Class,
'Fourth-Order Administrative Region',Class,
'Fragmentation Artifact Function',Class,
'Fragrance Artifact Function',Class,
'Freight Train Car',Class,
Frequency,Class,
'Frequency Measurement Artifact Function',Class,
'Friction Reduction Artifact Function',Class,
'Fuel Artifact Function',Class,
'Fuel Cell',Class,
'Fuel System',Class,
'Fuel Tank',Class,
'Fuel Transfer System',Class,
'Fuel Ventilation System',Class,
'Full Motion Video Camera',Class,
'Full Motion Video Imaging Artifact Function',Class,
'Fundamental Frequency',Class,
Funeral,Class,
'Fungicide Artifact Function',Class,
'GS1 DataBar Barcode',Class,
'Gain of Dependent Continuant',Class,
'Gain of Disposition',Class,
'Gain of Function',Class,
'Gain of Generically Dependent Continuant',Class,
'Gain of Quality',Class,
'Gain of Realizable Entity',Class,
'Gain of Role',Class,
'Gain of Specifically Dependent Continuant',Class,
'Gamma Ray Frequency',Class,
'Gamma-ray Telescope',Class,
'Gas Turbine',Class,
'Generator Control Unit',Class,
'Geographic Feature',Class,
'Government Domain',Class,
'Government Domain Border',Class,
'Geopolitical Organization',Class,
'Geopolitical Power Role',Class,
'Geospatial Boundary',Class,
'Geospatial Coordinate Reference System',Class,
'Geospatial Ellipse',Class,
'Geospatial Error Region',Class,
'Geospatial Line',Class,
'Geospatial Line String',Class,
'Geospatial Location',Class,
'Geospatial Polygon',Class,
'Geospatial Position',Class,
'Geospatial Region',Class,
'Geospatial Region Bounding Box',Class,
'Geospatial Region Bounding Box Identifier List',Class,
Gimbal,Class,
Government,Class,
'Government Organization',Class,
'Government Artifact Function',Class,
'Government of a Country',Class,
'Greenwich Mean Time Zone Identifier',Class,
'Gregorian Day',Class,
'Gregorian Year',Class,
Grenade,Class,
'Ground Motor Vehicle',Class,
'Ground Moving Target Indication Artifact Function',Class,
'Ground Track',Class,
'Ground Track Point',Class,
'Ground Vehicle',Class,
'Group of Agents',Class,
'Group of Organizations',Class,
'Group of Persons',Class,
'Hair Color',Class,
'Hand Gun',Class,
'Hard X-ray Frequency',Class,
'Healing Artifact Function',Class,
'Healthcare Artifact Function',Class,
'Hearing Aid',Class,
'Heat Engine',Class,
'Heat Sink',Class,
'Heating Artifact Function',Class,
'Heating System',Class,
'Heavy Machine Gun',Class,
'Helical Antenna',Class,
'Herbicide Artifact Function',Class,
'High Density Residential Area',Class,
'High Frequency',Class,
'High Frequency Communication Instrument',Class,
Highway,Class,
'Highway Interchange',Class,
Hinge,Class,
'Horn Antenna',Class,
'Hospitality Artifact Function',Class,
Hour,Class,
Howitzer,Class,
'Hydraulic Fluid Reservoir',Class,
'Hydraulic Motor',Class,
'Hydraulic Power Source',Class,
'Hydraulic Power Transfer Unit',Class,
'Hydraulic Valve',Class,
'Hydrographic Feature',Class,
'ISBN Barcode',Class,
'ISSN Barcode',Class,
'ITF Barcode',Class,
'Identification Friend or Foe Transponder',Class,
Ideology,Class,
'Ignition Process',Class,
'Ignition System',Class,
Image,Class,
'Imaging Artifact Function',Class,
'Imaging Instrument',Class,
'Impact Shielding Artifact Function',Class,
'Improvised Explosive Device',Class,
'Impulsive Force',Class,
'Incendiary Weapon',Class,
'Incorporated Organization',Class,
'Increase of Dependent Continuant',Class,
'Increase of Disposition',Class,
'Increase of Function',Class,
'Increase of Generically Dependent Continuant',Class,
'Increase of Quality',Class,
'Increase of Realizable Entity',Class,
'Increase of Role',Class,
'Increase of Specifically Dependent Continuant',Class,
'Inertial Navigation System',Class,
'Infantry Fighting Vehicle',Class,
'Information Bearing Artifact',Class,
'Information Bearing Entity',Class,
'Information Content Entity',Class,
'Information Line',Class,
'Information Medium Artifact',Class,
'Information Processing Artifact',Class,
'Information Quality Entity',Class,
'Infrared Camera',Class,
'Infrared Light Frequency',Class,
'Infrared Telescope',Class,
'Infrasonic Frequency',Class,
'Infrastructure System',Class,
'Infrastructure Element',Class,
'Infrastructure Role',Class,
'Inhibiting Motion Artifact Function',Class,
Initialism,Class,
'Insecticide Artifact Function',Class,
'Instant Messaging',Class,
'Instrument Display Panel',Class,
'Planned Act',Class,
'Intercommunication System',Class,
'Interior Lighting System',Class,
'Internal Combustion Engine',Class,
'International Community',Class,
'Interpersonal Relationship Role',Class,
Interphone,Class,
'Interval Estimate Information Content Entity',Class,
'Interval Measurement Information Content Entity',Class,
'Inverse Sawtooth Waveform',Class,
Iris,Class,
'JAN-13 Barcode',Class,
'Jet Engine',Class,
'Journal Article',Class,
'Julian Date',Class,
'Julian Date Fraction',Class,
'Julian Date Identifier',Class,
'Julian Day',Class,
'Julian Day Number',Class,
'Julian Year',Class,
'Land Mine',Class,
'Land Transportation Artifact',Class,
'Landline Telephone',Class,
Language,Class,
'Language Skill',Class,
'Large-Scale Rocket Launcher',Class,
Laser,Class,
'Lead Acid Electric Battery',Class,
'Legal Artifact Function',Class,
'Legal Instrument',Class,
'Legal Name',Class,
'Legal System Act',Class,
'Life Support Artifact Function',Class,
'Lifting Artifact Function',Class,
'Light Machine Gun',Class,
'Lighting System',Class,
List,Class,
'Lithium-ion Electric Battery',Class,
'Local Administrative Region',Class,
Locomotive,Class,
'Long Gun',Class,
'Longitudinal Wave Profile',Class,
'Loss of Dependent Continuant',Class,
'Loss of Disposition',Class,
'Loss of Function',Class,
'Loss of Generically Dependent Continuant',Class,
'Loss of Quality',Class,
'Loss of Realizable Entity',Class,
'Loss of Role',Class,
'Loss of Specifically Dependent Continuant',Class,
'Lot Number',Class,
Loudness,Class,
'Low Density Residential Area',Class,
'Low Frequency',Class,
'Low Midrange Frequency',Class,
'Lubrication System',Class,
'Lunar Calendar System',Class,
'MSI Plessey Barcode',Class,
'Machine Bearing',Class,
Mailing,Class,
'Major Axis',Class,
'Male Sex',Class,
'Manual Tool',Class,
Married,Class,
'Mass Specification',Class,
'Material Territory of a Country',Class,
'Material Territory of a Government Domain',Class,
'Maximum Ordinal Measurement Information Content Entity',Class,
'Maximum Power',Class,
'Maximum Speed Artifact Function',Class,
'Mean Point Estimate Information Content Entity',Class,
'Measurement Artifact Function',Class,
'Measurement Information Content Entity',Class,
'Measurement Unit',Class,
'Measurement Unit of Geocoordinate',Class,
'Mechanical Process',Class,
'Mechanical Wave Process',Class,
'Median Point Estimate Information Content Entity',Class,
'Medical Artifact',Class,
'Medium Frequency',Class,
'Medium Machine Gun',Class,
Message,Class,
Microscope,Class,
'Microwave Frequency',Class,
'Mid Infrared Light Frequency',Class,
'Midrange Frequency',Class,
'Military Artifact Function',Class,
'Military Personnel Force',Class,
'Military Time Zone Identifier',Class,
'Minimum Ordinal Measurement Information Content Entity',Class,
'Minimum Speed Artifact Function',Class,
'Minor Axis',Class,
Minute,Class,
Mirror,Class,
'Missile Launcher',Class,
'Mobile Telephone',Class,
'Mode Point Estimate Information Content Entity',Class,
'Modified Julian Date',Class,
Momentum,Class,
Month,Class,
Morning,Class,
Mortar,Class,
'Motion Artifact Function',Class,
'Motion Observation Artifact Function',Class,
Motion,Class,
Motorcycle,Class,
'Mounted Gun',Class,
'Moving Target Indication Artifact Function',Class,
'Multi-Day Temporal Interval',Class,
'Multi-Hour Temporal Interval',Class,
'Multi-Minute Temporal Interval',Class,
'Multi-Month Temporal Interval',Class,
'Multi-Second Temporal Interval',Class,
'Multi-Week Temporal Interval',Class,
'Multi-Year Temporal Interval',Class,
'Muzzle Blast',Class,
Nadir,Class,
'Natural Process',Class,
'Natural Language',Class,
'Navigation Artifact Function',Class,
'Navigation System',Class,
'Near Infrared Light Frequency',Class,
'Near Ultraviolet Light Frequency',Class,
'Neutral Role',Class,
'Neutralization Artifact Function',Class,
'Nickel Cadmium Electric Battery',Class,
'Nickel-metal Hydride Electric Battery',Class,
Nickname,Class,
Night,Class,
'Nominal Measurement Information Content Entity',Class,
'Nominal Speed Artifact Function',Class,
'Nominal Stasis',Class,
'Non-Name Identifier',Class,
'Notification Message',Class,
Nozzle,Class,
'Nozzle Mouth',Class,
'Nozzle Throat',Class,
'Nuclear Family',Class,
'Nuclear Radiation Detection Artifact Function',Class,
'Nuclear Reactor',Class,
'Nuclear Weapon',Class,
'Object Track',Class,
'Object Track Point',Class,
Objective,Class,
'Observation Artifact Function',Class,
'Occupation Role',Class,
'Ocular Prosthesis',Class,
'One-Dimensional Barcode',Class,
'Operational Area',Class,
'Operational Stasis',Class,
'Operator Role',Class,
'Optical Camera',Class,
'Optical Communication Artifact Function',Class,
'Optical Focusing Artifact Function',Class,
'Optical Instrument',Class,
'Optical Lens',Class,
'Optical Microscope',Class,
'Optical Processing Artifact Function',Class,
'Optical Telescope',Class,
'Ordinal Date Identifier',Class,
'Ordinal Measurement Information Content Entity',Class,
Organism,Class,
Organization,Class,
'Organization Capability',Class,
'Organization Member',Class,
'Organization Member Role',Class,
'Orientation Control Artifact Function',Class,
'Orientation Observation Artifact Function',Class,
'Oscillation Process',Class,
'Oxidizer Artifact Function',Class,
'PDF417 Code',Class,
'Parabolic Antenna',Class,
'Paramilitary Force',Class,
Park,Class,
'Part Number',Class,
'Part Role',Class,
'Parts List',Class,
'Passenger Train Car',Class,
'Patch Antenna',Class,
'Patch Receiver',Class,
Payload,Class,
'Payload Capacity',Class,
'Performance Specification',Class,
Periscope,Class,
'Permanent Resident',Class,
'Permanent Resident Role',Class,
Person,Class,
'Pesticide Artifact Function',Class,
'Physically Powered Engine',Class,
'Physiographic Feature',Class,
Pitch,Class,
'Pitch Axis',Class,
Plan,Class,
Plant,Class,
'Pneumatic Motor',Class,
'Pneumatic Power Source',Class,
'Point Estimate Information Content Entity',Class,
'Poison Artifact Function',Class,
'Polarizing Prism',Class,
'Political Orientation',Class,
Populace,Class,
'Populated place',Class,
'Portion of Ammunition',Class,
'Portion of Atmosphere',Class,
'Portion of Cash',Class,
'Portion of Coolant',Class,
'Portion of Cryogenic Material',Class,
'Portion of Cryosphere',Class,
'Portion of Food',Class,
'Portion of Fuel',Class,
'Portion of Gallium Arsenide',Class,
'Portion of Gaseous Fuel',Class,
'Portion of Gaseous Propellant',Class,
'Portion of Gelatinous Propellant',Class,
'Portion of Geosphere',Class,
'Portion of Hydrosphere',Class,
'Portion of Liquid Fuel',Class,
'Portion of Liquid Helium',Class,
'Portion of Liquid Hydrogen',Class,
'Portion of Liquid Nitrogen',Class,
'Portion of Liquid Oxygen',Class,
'Portion of Liquid Propellant',Class,
'Portion of Lithosphere',Class,
'Portion of Material',Class,
'Portion of Nuclear Fuel',Class,
'Portion of Oxidizer',Class,
'Portion of Paper',Class,
'Portion of Processed Material',Class,
'Portion of Propellant',Class,
'Portion of Solid Fuel',Class,
'Portion of Solid Propellant',Class,
'Portion of Waste Material',Class,
'Position Observation Artifact Function',Class,
Power,Class,
'Power Inverting Artifact Function',Class,
'Power Rectifier',Class,
'Power Rectifying Artifact Function',Class,
'Power Source',Class,
'Power Tool',Class,
'Power Transformer',Class,
'Power Transformer Rectifier Unit',Class,
'Power Transmission Artifact',Class,
'Powering Artifact Function',Class,
'Precision-Guided Missile',Class,
'Predictive Information Content Entity',Class,
'Preferred Stock',Class,
'Presence Frequency',Class,
Pressure,Class,
'Pressurization Control Artifact Function',Class,
'Primary Cell Electric Battery',Class,
'Priority Measurement Information Content Entity',Class,
'Priority Scale',Class,
Prism,Class,
'Private Network Telephone Call',Class,
'Probability Measurement Information Content Entity',Class,
'Process Beginning',Class,
'Process Ending',Class,
'Projectile Launcher',Class,
Propeller,Class,
'Propelling Nozzle',Class,
'Proper Acceleration',Class,
'Proper Name',Class,
'Proportional Ratio Measurement Information Content Entity',Class,
'Propulsion Artifact Function',Class,
'Propulsion Control System',Class,
'Propulsion Process',Class,
'Propulsion System',Class,
Prosthesis,Class,
'Prosthetic Arm',Class,
'Prosthetic Foot',Class,
'Prosthetic Hand',Class,
'Prosthetic Leg',Class,
Province,Class,
'Public Address System',Class,
'Public Safety Artifact Function',Class,
'Pulsejet Engine',Class,
Pump,Class,
'QR Code',Class,
'Quality Specification',Class,
'Radar Imaging Artifact Function',Class,
'Radio Antenna',Class,
'Radio Broadcast',Class,
'Radio Communication Artifact Function',Class,
'Radio Communication Instrument',Class,
'Radio Communication Interference Artifact Function',Class,
'Radio Communication Reception Artifact Function',Class,
'Radio Communication Relay Artifact Function',Class,
'Radio Frequency',Class,
'Radio Interference',Class,
'Radio Receiver',Class,
'Radio Repeater',Class,
'Radio Telescope',Class,
'Radio Transceiver',Class,
'Radio Transmitter',Class,
'Radio Transponder',Class,
'Radio Wave Conversion Artifact Function',Class,
'Radiological Weapon',Class,
'Rail Transport Vehicle',Class,
Railcar,Class,
Railway,Class,
'Railway Crossing',Class,
'Railway Junction',Class,
'Ramjet Engine',Class,
'Random Wire Antenna',Class,
'Ratio Measurement Information Content Entity',Class,
'Reactant Artifact Function',Class,
'Reaction Engine',Class,
'Reaction Mass',Class,
'Reciprocating Steam Engine',Class,
'Recording Device',Class,
'Rectilinear Motion',Class,
'Reference System',Class,
'Reference Time',Class,
'Reflecting Optical Telescope',Class,
'Reflection Artifact Function',Class,
'Reflective Prism',Class,
'Refracting Optical Telescope',Class,
'Refraction Artifact Function',Class,
'Reliability Measurement Information Content Entity',Class,
Religion,Class,
'Religious Artifact Function',Class,
Report,Class,
'Representational Information Content Entity',Class,
'Research and Development Artifact Function',Class,
'Research Artifact Function',Class,
'Residential Artifact Function',Class,
'Electrical Resistance Artifact Function',Class,
Resource,Class,
'Retail Artifact Function',Class,
Revolver,Class,
'Revolving Motion',Class,
'Rhombic Antenna',Class,
Rifle,Class,
Road,Class,
'Road Junction',Class,
Rocket,Class,
'Rocket Engine',Class,
'Rocket Launcher',Class,
'Rocket Pod',Class,
'Rocket-Propelled Grenade',Class,
'Roll Axis',Class,
'Rotational Motion',Class,
'Round Shot',Class,
'Satellite Artifact',Class,
'Sawtooth Waveform',Class,
Scalp,Class,
'Scalp Hair',Class,
Scar,Class,
'Scramjet Engine',Class,
'Sea Level',Class,
Second,Class,
'Second-Order Administrative Region',Class,
'Secondary Cell Electric Battery',Class,
'Semi-automatic Pistol',Class,
'Semi-Major Axis',Class,
'Semi-Minor Axis',Class,
Sensor,Class,
'Sensor Artifact Function',Class,
'Sensor Deployment Artifact Function',Class,
'Sensor Modality Function',Class,
'Sensor Platform',Class,
'Sequence Position Ordinality',Class,
'Service Artifact Function',Class,
'Service Provider',Class,
'Set of Eyes',Class,
Shaft,Class,
'Shear Wave Process',Class,
Shell,Class,
Shotgun,Class,
'Shoulder-Fired Rocket Launcher',Class,
'Sidereal Time Reference System',Class,
'Signal Detection Artifact Function',Class,
'Signal Processing Artifact Function',Class,
'Sine Waveform',Class,
Skill,Class,
'Skin Type',Class,
'Sniper Rifle',Class,
'Social Act',Class,
'Social Network',Class,
'Soft X-ray Frequency',Class,
'Solar Calendar System',Class,
'Solar Panel',Class,
'Solar Panel System',Class,
'Solar Time Reference System',Class,
'Solvent Artifact Function',Class,
'Sonic Frequency',Class,
'Sound Frequency',Class,
'Sound Pressure',Class,
'Sound Process Profile',Class,
'Sound Production',Class,
'Sound Wave Process',Class,
'Sound Wavelength',Class,
Spacecraft,Class,
'Spark Ignition Engine',Class,
'Spark Ignition System',Class,
'Spatial Reference System',Class,
'Spatial Region Identifier',Class,
Speed,Class,
'Speed Artifact Function',Class,
'Speed Measurement Artifact Function',Class,
'Spherical Coordinate System',Class,
'Spinning Motion',Class,
'Spray Nozzle',Class,
Spreadsheet,Class,
'Square Waveform',Class,
'Stable Orientation',Class,
'Standard Time of Day Identifier',Class,
Stasis,Class,
'Stasis of Artifact Operationality',Class,
'Stasis of Disposition',Class,
'Stasis of Fully Mission Capable',Class,
'Stasis of Function',Class,
'Stasis of Generically Dependent Continuant',Class,
'Stasis of Mission Capability',Class,
'Stasis of Non-Mission Capable',Class,
'Stasis of Non-Mission Capable Maintenance',Class,
'Stasis of Partially Mission Capable',Class,
'Stasis of Partially Mission Capable Maintenance',Class,
'Stasis of Quality',Class,
'Stasis of Realizable Entity',Class,
'Stasis of Role',Class,
'Stasis of Specifically Dependent Continuant',Class,
'Constituent State',Class,
'Steam Engine',Class,
'Steering Control System',Class,
'Stirling Engine',Class,
Stock,Class,
'Stock Certificate',Class,
'Structural Support Artifact Function',Class,
'Sub-Bass Frequency',Class,
Subcontinent,Class,
'Submachine Gun',Class,
'Submersible Artifact Function',Class,
'Submillimeter Wavelength Radio Telescope',Class,
'Super High Frequency',Class,
'Super Low Frequency',Class,
'Surface Wave Profile',Class,
'Surfactant Artifact Function',Class,
'Switch Artifact Function',Class,
'Synthetic Aperture Radar Imaging Artifact Function',Class,
'System Clock',Class,
'System Role',Class,
Tank,Class,
Target,Class,
Tattoo,Class,
'Telecommunication Endpoint',Class,
'Telecommunication Infrastructure',Class,
'Telecommunication Instrument',Class,
'Telecommunication Network',Class,
'Telecommunication Network Line',Class,
'Telecommunication Network Node',Class,
'Telecommunication Switching Node',Class,
'Telemetry Process',Class,
Telephone,Class,
'Telephone Call',Class,
'Telephone Line',Class,
'Telephone Network',Class,
'Telephone Subscriber Line',Class,
Telescope,Class,
'Television Broadcast',Class,
'Temperature Measurement Artifact Function',Class,
'Temporal Instant Identifier',Class,
'Temporal Interval Identifier',Class,
'Temporal Reference System',Class,
'Temporal Region Identifier',Class,
'Terminal Board',Class,
'Text Messaging',Class,
'Thermal Control Artifact Function',Class,
'Thermal Imaging Artifact Function',Class,
'Thermal Insulation Artifact Function',Class,
'Third-Order Administrative Region',Class,
'Three-Dimensional Path',Class,
'Three-Dimensional Position',Class,
Thrust,Class,
Timbre,Class,
'Time of Day',Class,
'Time of Day Identifier',Class,
'Time Zone Identifier',Class,
'Timekeeping Artifact Function',Class,
'Timekeeping Instrument',Class,
'Title Document',Class,
Tool,Class,
Torpedo,Class,
'Torpedo Tube',Class,
Torque,Class,
Town,Class,
Trail,Class,
Train,Class,
'Train Car',Class,
Transcript,Class,
Transducer,Class,
'Translational Motion',Class,
'Transportation Artifact',Class,
'Transportation Infrastructure',Class,
'Transverse Wave Profile',Class,
'Tremendously High Frequency',Class,
'Triangular Waveform',Class,
'Trim Tab',Class,
'Triple Inertial Navigation System',Class,
Tripod,Class,
Truck,Class,
Tunnel,Class,
'Turbine Steam Engine',Class,
'Turbofan Air-Breathing Jet Engine',Class,
'Turbojet Air-Breathing Jet Engine',Class,
'Two-Dimensional Barcode',Class,
'UPC-A Barcode',Class,
'UPC Barcode',Class,
'UPC-E Barcode',Class,
'Ultra High Frequency',Class,
'Ultra High Frequency Communication Instrument',Class,
'Ultra Low Frequency',Class,
'Ultrasonic Frequency',Class,
'Ultraviolet Light Frequency',Class,
'Ultraviolet Telescope',Class,
'Neutral Person',Class,
'Under Active Control',Class,
'Unguided Rocket',Class,
'Unplanned Act',Class,
'Universal Time Reference System',Class,
'Unix Temporal Instant',Class,
'Upper Midrange Frequency',Class,
Valve,Class,
Vehicle,Class,
'Vehicle Compartment',Class,
'Vehicle Control System',Class,
'Vehicle Frame',Class,
'Vehicle Track',Class,
'Vehicle Track Point',Class,
'Vehicle Transmission',Class,
Velocity,Class,
'Ventilation Control Artifact Function',Class,
'Veracity Measurement Information Content Entity',Class,
'Very High Frequency',Class,
'Very High Frequency Communication Instrument',Class,
'Very Low Frequency',Class,
'Vibration Motion',Class,
Video,Class,
'Video Camera',Class,
Village,Class,
'Visible Light Frequency',Class,
'Visible Light Reflection Process',Class,
'Visible Observation',Class,
'Visual Prosthesis',Class,
'Voltage Regulating Artifact Function',Class,
'Warning Message',Class,
'Waste Management Artifact Function',Class,
'Water Transportation Artifact',Class,
Watercraft,Class,
'Wave Cycle',Class,
'Wave Process',Class,
'Wave Process Profile',Class,
'Wave Production',Class,
Waveform,Class,
Wavelength,Class,
Weapon,Class,
Webcast,Class,
Wedding,Class,
Week,Class,
'Wetting Agent Artifact Function',Class,
'Wire Antenna',Class,
'Wire Receiver',Class,
'Wired Communication Artifact Function',Class,
'Wired Communication Reception Artifact Function',Class,
'Wired Communication Relay Artifact Function',Class,
'Wireless Network Telephone Call',Class,
'Wireless Telecommunication Network',Class,
'Wounded Stasis',Class,
'X-ray Microscope',Class,
'X-ray Telescope',Class,
'X-ray Frequency',Class,
'Yaw Axis',Class,
Year,Class,
Zenith,Class,
x-Axis,Class,
y-Axis,Class,
z-Axis,Class,
rdf:List,Class,
owl:Thing,Class,
Collection,Class,
Concept,Class,
'Concept Scheme',Class,
'Ordered Collection',Class,
'Document Act Input Document',Class,
'Standing Declaration',Class,
'Deontic Role',Class,
'Deontic Declaration',Class,
'Deontic Document Act',Class,
'Act of Authentication',Class,
'Claimant Role',Class,
'Duty Holder Role',Class,
'Deontic Power Role',Class,
'Privilege Holder Role',Class,
'Document Act Performer Role',Class,
'Document Act Template Creator Role',Class,
'Deontic Declaration Performer Role',Class,
'Credential Role',Class,
'Identification Artifact',Class,
'legally revokes',ObjectProperty,
'part of',ObjectProperty,
'has part',ObjectProperty,
'realized in',ObjectProperty,
realizes,ObjectProperty,
'occurs in',ObjectProperty,
'contains process',ObjectProperty,
has_specified_input,ObjectProperty,
is_specified_input_of,ObjectProperty,
has_specified_output,ObjectProperty,
is_specified_output_of,ObjectProperty,
'inheres in',ObjectProperty,
'bearer of',ObjectProperty,
'participates in',ObjectProperty,
'has participant',ObjectProperty,
'is concretized as',ObjectProperty,
concretizes,ObjectProperty,
'function of',ObjectProperty,
'quality of',ObjectProperty,
'role of',ObjectProperty,
'has function',ObjectProperty,
'has quality',ObjectProperty,
'has role',ObjectProperty,
'has disposition',ObjectProperty,
'disposition of',ObjectProperty,
'derives from',ObjectProperty,
'derives into',ObjectProperty,
'location of',ObjectProperty,
'contained in',ObjectProperty,
contains,ObjectProperty,
'located in',ObjectProperty,
'2D boundary of',ObjectProperty,
'has 2D boundary',ObjectProperty,
'member of',ObjectProperty,
'has member',ObjectProperty,
'generically depends on',ObjectProperty,
'is carrier of',ObjectProperty,
'accessory in',ObjectProperty,
'accomplice in',ObjectProperty,
affects,ObjectProperty,
'agent in',ObjectProperty,
'aggregate bearer of',ObjectProperty,
'aggregate has capability',ObjectProperty,
'aggregate has disposition',ObjectProperty,
'aggregate has quality',ObjectProperty,
'aggregate has role',ObjectProperty,
'capability of',ObjectProperty,
'capability of aggregate',ObjectProperty,
'caused by',ObjectProperty,
'coincides with',ObjectProperty,
'condition described by',ObjectProperty,
'connected with',ObjectProperty,
delimits,ObjectProperty,
'described by',ObjectProperty,
describes,ObjectProperty,
'describes condition',ObjectProperty,
'designated by',ObjectProperty,
designates,ObjectProperty,
'disconnected with',ObjectProperty,
'disposition of aggregate',ObjectProperty,
disrupts,ObjectProperty,
'externally connects with',ObjectProperty,
'has accessory',ObjectProperty,
'has accomplice',ObjectProperty,
'has affiliate',ObjectProperty,
'has agent',ObjectProperty,
'has aunt',ObjectProperty,
'has brother',ObjectProperty,
'has brother in law',ObjectProperty,
'has capability',ObjectProperty,
'has daughter',ObjectProperty,
'has daughter in law',ObjectProperty,
'has ending instant',ObjectProperty,
'has familial relationship to',ObjectProperty,
'has father',ObjectProperty,
'has father in law',ObjectProperty,
'has granddaughter',ObjectProperty,
'has grandfather',ObjectProperty,
'has grandmother',ObjectProperty,
'has grandson',ObjectProperty,
'has half brother',ObjectProperty,
'has half sister',ObjectProperty,
'has husband',ObjectProperty,
'has input',ObjectProperty,
'has inside instant',ObjectProperty,
'has inside interval',ObjectProperty,
'has interest in',ObjectProperty,
'has maternal aunt',ObjectProperty,
'has maternal first cousin',ObjectProperty,
'has maternal grandfather',ObjectProperty,
'has maternal grandmother',ObjectProperty,
'has maternal uncle',ObjectProperty,
'has member of located in',ObjectProperty,
'has mother',ObjectProperty,
'has mother in law',ObjectProperty,
'has nephew',ObjectProperty,
'has niece',ObjectProperty,
'has nontangential part',ObjectProperty,
'has object',ObjectProperty,
'has organizational context',ObjectProperty,
'has output',ObjectProperty,
'has parent',ObjectProperty,
'has paternal aunt',ObjectProperty,
'has paternal first cousin',ObjectProperty,
'has paternal grandfather',ObjectProperty,
'has paternal grandmother',ObjectProperty,
'has paternal uncle',ObjectProperty,
'has process part',ObjectProperty,
'has recipient',ObjectProperty,
'has sender',ObjectProperty,
'has sister',ObjectProperty,
'has sister in law',ObjectProperty,
'has son',ObjectProperty,
'has son in law',ObjectProperty,
'has spatial part',ObjectProperty,
'has starting instant',ObjectProperty,
'has step brother',ObjectProperty,
'has step sister',ObjectProperty,
'has subordinate role',ObjectProperty,
'has subsidiary',ObjectProperty,
'has tangential part',ObjectProperty,
'has uncle',ObjectProperty,
'has wife',ObjectProperty,
'inheres in aggregate',ObjectProperty,
'instant is after',ObjectProperty,
'instant is before',ObjectProperty,
'interval contained by',ObjectProperty,
'interval contains',ObjectProperty,
'interval disjoint',ObjectProperty,
'interval during',ObjectProperty,
'interval equals',ObjectProperty,
'interval finished by',ObjectProperty,
'interval finishes',ObjectProperty,
'interval is after',ObjectProperty,
'interval is before',ObjectProperty,
'interval meets',ObjectProperty,
'interval met by',ObjectProperty,
'interval overlapped by',ObjectProperty,
'interval overlaps',ObjectProperty,
'interval started by',ObjectProperty,
'interval starts',ObjectProperty,
'is a interval measurement of',ObjectProperty,
'is a measurement of',ObjectProperty,
'is a nominal measurement of',ObjectProperty,
'is a ordinal measurement of',ObjectProperty,
'is a ratio measurement of',ObjectProperty,
'is about',ObjectProperty,
'is affected by',ObjectProperty,
'is affiliated with',ObjectProperty,
'is ancestor of',ObjectProperty,
'is aunt of',ObjectProperty,
'is brother-in-law of',ObjectProperty,
'is brother of',ObjectProperty,
'is cause of',ObjectProperty,
'is child of',ObjectProperty,
'is daughter in-law of',ObjectProperty,
'is daughter of',ObjectProperty,
'is delimited by',ObjectProperty,
'is descendent of',ObjectProperty,
'is disrupted by',ObjectProperty,
'is ending instant of',ObjectProperty,
'is excerpted from',ObjectProperty,
'is father in-law of',ObjectProperty,
'is father of',ObjectProperty,
'is first cousin of',ObjectProperty,
'is geospatial coordinate reference system of',ObjectProperty,
'is grandchild of',ObjectProperty,
'is granddaughter of',ObjectProperty,
'is grandfather of',ObjectProperty,
'is grandmother of',ObjectProperty,
'is grandparent of',ObjectProperty,
'is grandson of',ObjectProperty,
'is half-brother of',ObjectProperty,
'is half-sibling of',ObjectProperty,
'is half sister of',ObjectProperty,
'is husband of',ObjectProperty,
'is in-law of',ObjectProperty,
'is input of',ObjectProperty,
'is inside instant of',ObjectProperty,
'is interest of',ObjectProperty,
'is made of',ObjectProperty,
'is material of',ObjectProperty,
'is maternal aunt of',ObjectProperty,
'is maternal first cousin of',ObjectProperty,
'is maternal grandfather of',ObjectProperty,
'is maternal grandmother of',ObjectProperty,
'is maternal uncle of',ObjectProperty,
'is measured by',ObjectProperty,
'is measured by interval',ObjectProperty,
'is measured by nominal',ObjectProperty,
'is measured by ordinal',ObjectProperty,
'is measured by ratio',ObjectProperty,
'is measurement unit of',ObjectProperty,
'is mention of',ObjectProperty,
'is mentioned by',ObjectProperty,
'is mother in-law of',ObjectProperty,
'is mother of',ObjectProperty,
'is nephew of',ObjectProperty,
'is niece of',ObjectProperty,
'is object of',ObjectProperty,
'is organizational context of',ObjectProperty,
'is output of',ObjectProperty,
'is parent of',ObjectProperty,
'is part of process',ObjectProperty,
'is paternal aunt of',ObjectProperty,
'is paternal first cousin of',ObjectProperty,
'is paternal grandfather of',ObjectProperty,
'is paternal grandmother of',ObjectProperty,
'is paternal uncle of',ObjectProperty,
'is permitted by',ObjectProperty,
'is predecessor of',ObjectProperty,
'is prohibited by',ObjectProperty,
'is reference system of',ObjectProperty,
'is required by',ObjectProperty,
'is second cousin of',ObjectProperty,
'is sibling of',ObjectProperty,
'is sister-in-law of',ObjectProperty,
'is sister of',ObjectProperty,
'is site of',ObjectProperty,
'is son in-law of',ObjectProperty,
'is son of',ObjectProperty,
'is spouse of',ObjectProperty,
'is starting instant of',ObjectProperty,
'is step-brother of',ObjectProperty,
'is step-sibling of',ObjectProperty,
'is step-sister of',ObjectProperty,
'is subject of',ObjectProperty,
'is subordinate role to',ObjectProperty,
'is subsidiary of',ObjectProperty,
'is successor of',ObjectProperty,
'is supervised by',ObjectProperty,
'is temporal region of',ObjectProperty,
'is third cousin of',ObjectProperty,
'is uncle of',ObjectProperty,
'is used by',ObjectProperty,
'is wife of',ObjectProperty,
'language used in',ObjectProperty,
'nontangential part of',ObjectProperty,
'occurs at',ObjectProperty,
'occurs on',ObjectProperty,
'partially overlaps with',ObjectProperty,
permits,ObjectProperty,
'prescribed by',ObjectProperty,
prescribes,ObjectProperty,
'process preceded by',ObjectProperty,
'process precedes',ObjectProperty,
'process started by',ObjectProperty,
'process starts',ObjectProperty,
prohibits,ObjectProperty,
'quality of aggregate',ObjectProperty,
receives,ObjectProperty,
'represented by',ObjectProperty,
represents,ObjectProperty,
requires,ObjectProperty,
'role of aggregate',ObjectProperty,
sends,ObjectProperty,
'spatial part of',ObjectProperty,
supervises,ObjectProperty,
'tangential part of',ObjectProperty,
'time zone identifier used by',ObjectProperty,
uses,ObjectProperty,
'uses geospatial coordinate reference system',ObjectProperty,
'uses language',ObjectProperty,
'uses measurement unit',ObjectProperty,
'uses reference system',ObjectProperty,
'uses time zone identifier',ObjectProperty,
owl:topObjectProperty,ObjectProperty,
'has broader match',ObjectProperty,
'has broader',ObjectProperty,
'has broader transitive',ObjectProperty,
'has close match',ObjectProperty,
'has exact match',ObjectProperty,
'has top concept',ObjectProperty,
'is in scheme',ObjectProperty,
'is in mapping relation with',ObjectProperty,
'has member',ObjectProperty,
'has member list',ObjectProperty,
'has narrower match',ObjectProperty,
'has narrower',ObjectProperty,
'has narrower transitive',ObjectProperty,
'has related',ObjectProperty,
'has related match',ObjectProperty,
'is in semantic relation with',ObjectProperty,
'is top concept in scheme',ObjectProperty,
'has URI value',DataProperty,
'has altitude value',DataProperty,
'has boolean value',DataProperty,
'has date value',DataProperty,
'has datetime value',DataProperty,
'has decimal value',DataProperty,
'has double value',DataProperty,
'has integer value',DataProperty,
'has latitude value',DataProperty,
'has longitude value',DataProperty,
'has text value',DataProperty,
'as WKT',DataProperty,
notation,DataProperty,
'Alpha Time Zone',NamedIndividual,
'Barycentric Coordinate Time',NamedIndividual,
'Barycentric Dynamical Time',NamedIndividual,
'Bravo Time Zone',NamedIndividual,
'Charlie Time Zone',NamedIndividual,
'Coordinated Universal Time',NamedIndividual,
'Delta Time Zone',NamedIndividual,
'Earth-Centered Earth-Fixed Coordinate System',NamedIndividual,
'Echo Time Zone',NamedIndividual,
'Ephemeris Time',NamedIndividual,
'Foxtrot Time Zone',NamedIndividual,
GMT,NamedIndividual,
GMT-3:30,NamedIndividual,
GMT-1,NamedIndividual,
GMT-10,NamedIndividual,
GMT-11,NamedIndividual,
GMT-2,NamedIndividual,
GMT-3,NamedIndividual,
GMT-4,NamedIndividual,
GMT-5,NamedIndividual,
GMT-6,NamedIndividual,
GMT-7,NamedIndividual,
GMT-8,NamedIndividual,
GMT-9,NamedIndividual,
GMT+3:30,NamedIndividual,
GMT+5:30,NamedIndividual,
GMT+9:30,NamedIndividual,
GMT+1,NamedIndividual,
GMT+10,NamedIndividual,
GMT+11,NamedIndividual,
GMT+12,NamedIndividual,
GMT+2,NamedIndividual,
GMT+3,NamedIndividual,
GMT+4,NamedIndividual,
GMT+5,NamedIndividual,
GMT+6,NamedIndividual,
GMT+7,NamedIndividual,
GMT+8,NamedIndividual,
GMT+9,NamedIndividual,
'Geocentric Coordinate Time',NamedIndividual,
'Global Area Reference System',NamedIndividual,
'Golf Time Zone',NamedIndividual,
'Gregorian Calendar',NamedIndividual,
'Hotel Time Zone',NamedIndividual,
'India Time Zone',NamedIndividual,
'International Atomic Time',NamedIndividual,
'International Terrestrial Reference System',NamedIndividual,
'Jet Propulsion Laboratory Ephemeris Time Argument',NamedIndividual,
'Julian Calendar',NamedIndividual,
'Juliet Time Zone',NamedIndividual,
'Kilo Time Zone',NamedIndividual,
'Lima Time Zone',NamedIndividual,
'Mike Time Zone',NamedIndividual,
'November Time Zone',NamedIndividual,
'Oscar Time Zone',NamedIndividual,
'Papa Time Zone',NamedIndividual,
'Quebec Time Zone',NamedIndividual,
'Romeo Time Zone',NamedIndividual,
'Sierra Time Zone',NamedIndividual,
'Tango Time Zone',NamedIndividual,
'Terrestrial Time',NamedIndividual,
'Twelve-Hour Clock Time System',NamedIndividual,
'Twenty-Four-Hour Clock Time System',NamedIndividual,
'Uniform Time Zone',NamedIndividual,
'Universal Time 0',NamedIndividual,
'Universal Time 1',NamedIndividual,
'Universal Time 1 A',NamedIndividual,
'Universal Time 1 D',NamedIndividual,
'Universal Time 1 F',NamedIndividual,
'Universal Time 1 R',NamedIndividual,
'Universal Time 2',NamedIndividual,
'Universal Transverse Mercator Reference System',NamedIndividual,
'Unix Time',NamedIndividual,
'Victor Time Zone',NamedIndividual,
'Whiskey Time Zone',NamedIndividual,
'World Geodetic System 1984',NamedIndividual,
'World Geographic Reference System',NamedIndividual,
'X-ray Time Zone',NamedIndividual,
'Yankee Time Zone',NamedIndividual,
'Zulu Time Zone',NamedIndividual,
'Employment and Social Development Canada',NamedIndividual,
'Government of Canada',NamedIndividual,
'BFO OWL specification label',AnnotationProperty,
'BFO CLIF specification label',AnnotationProperty,
'editor preferred term',AnnotationProperty,
'example of usage',AnnotationProperty,
IAO_0000114,AnnotationProperty,
definition,AnnotationProperty,
'editor note',AnnotationProperty,
'term editor',AnnotationProperty,
'alternative term',AnnotationProperty,
'definition source',AnnotationProperty,
'curator note',AnnotationProperty,
'imported from',AnnotationProperty,
elucidation,AnnotationProperty,
'has associated axiom(nl)',AnnotationProperty,
'has associated axiom(fol)',AnnotationProperty,
'has axiom label',AnnotationProperty,
RO_0001900,AnnotationProperty,
RO_0040042,AnnotationProperty,
dc:contributor,AnnotationProperty,
dc:creator,AnnotationProperty,
dc:license,AnnotationProperty,
dc:member,AnnotationProperty,
dc:source,AnnotationProperty,
dcterms:bibliographicCitation,AnnotationProperty,
dcterms:contributor,AnnotationProperty,
dcterms:created,AnnotationProperty,
dcterms:creator,AnnotationProperty,
description,AnnotationProperty,
license,AnnotationProperty,
title,AnnotationProperty,
hasExactSynonym,AnnotationProperty,
inSubset,AnnotationProperty,
acronym,AnnotationProperty,
'alternative label',AnnotationProperty,
'code license',AnnotationProperty,
'content license',AnnotationProperty,
copyright,AnnotationProperty,
definition,AnnotationProperty,
'definition source',AnnotationProperty,
'designator annotation',AnnotationProperty,
'doctrinal acronym',AnnotationProperty,
'doctrinal definition',AnnotationProperty,
'doctrinal label',AnnotationProperty,
'doctrinal source',AnnotationProperty,
elucidation,AnnotationProperty,
'example of usage',AnnotationProperty,
'has token unit',AnnotationProperty,
'http query string',AnnotationProperty,
'interval measurement annotation',AnnotationProperty,
'is curated in ontology',AnnotationProperty,
'is tokenized by',AnnotationProperty,
'measurement annotation',AnnotationProperty,
'nominal measurement annotation',AnnotationProperty,
'ordinal measurement annotation',AnnotationProperty,
'query text',AnnotationProperty,
'ratio measurement annotation',AnnotationProperty,
'term creator',AnnotationProperty,
'term editor',AnnotationProperty,
rdfs:comment,AnnotationProperty,
rdfs:isDefinedBy,AnnotationProperty,
rdfs:label,AnnotationProperty,
rdfs:seeAlso,AnnotationProperty,
owl:versionInfo,AnnotationProperty,
'alternative label',AnnotationProperty,
'change note',AnnotationProperty,
definition,AnnotationProperty,
'editorial note',AnnotationProperty,
example,AnnotationProperty,
'hidden label',AnnotationProperty,
'history note',AnnotationProperty,
note,AnnotationProperty,
'preferred label',AnnotationProperty,
'scope note',AnnotationProperty,
foaf:homepage,AnnotationProperty,
foaf:mbox,AnnotationProperty,
rdf:PlainLiteral,Datatype,
xsd:anyURI,Datatype,
xsd:boolean,Datatype,
xsd:dateTime,Datatype,
xsd:decimal,Datatype,
xsd:double,Datatype,
xsd:integer,Datatype,
xsd:string,Datatype,
